facility_id,location,facility_type,cleanliness_score,odor_score,waste_level,water_availability,footfall,complaints,inspection_date,hours_since_cleaning,hygiene_risk
F0001,6,3,6.1,4.7,45.5,1,584,5,2026-08-05,8.5,Medium
F0002,7,4,5.9,5.9,54.6,1,106,4,2026-08-03,9.1,Medium
F0003,1,3,3.5,6.2,95.8,1,446,9,2026-06-22,3.1,High
F0004,2,3,10.0,1.0,21.0,1,424,1,2026-03-05,4.6,Low
F0005,1,2,3.0,7.2,54.5,1,133,7,2026-05-29,9.1,High
F0006,1,5,6.8,5.0,30.6,1,496,3,2026-05-17,3.3,Medium
F0007,6,2,4.8,5.0,59.3,1,674,5,2026-06-16,19.5,High
F0008,7,1,5.2,6.8,32.4,1,874,7,2026-06-11,6.3,High
F0009,0,4,2.5,8.5,74.7,1,334,5,2026-08-08,10.2,High
F0010,8,1,5.6,2.5,88.3,1,60,5,2026-03-20,14.8,Medium
F0011,3,0,5.8,5.4,15.5,1,926,5,2026-02-28,26.6,High
F0012,3,2,6.2,4.9,33.5,1,439,4,2026-05-15,9.6,Medium
F0013,0,0,5.5,5.5,33.5,1,130,4,2026-01-01,1.7,Medium
F0014,0,3,7.2,3.2,37.7,1,827,4,2026-05-04,2.1,Medium
F0015,3,5,8.3,3.5,48.8,1,586,1,2026-05-16,1.0,Low
F0016,5,5,6.8,3.4,45.3,1,411,3,2026-07-11,2.8,Low
F0017,7,3,5.0,6.3,59.7,1,447,8,2026-01-31,6.7,High
F0018,0,5,6.5,6.6,28.0,1,454,6,2026-03-09,1.8,Medium
F0019,1,3,3.1,8.3,77.3,1,296,6,2026-01-28,4.2,High
F0020,8,0,7.4,2.6,42.7,1,431,4,2026-08-05,4.5,Low
F0021,1,2,2.6,9.0,100.0,1,612,8,2026-01-08,0.8,High
F0022,4,4,4.5,7.3,75.5,1,367,7,2026-07-19,3.6,High
F0023,0,1,5.8,7.2,46.8,1,48,5,2026-01-30,5.0,Medium
F0024,6,5,7.6,1.3,27.5,1,205,1,2026-03-22,14.4,Low
F0025,0,3,7.5,3.9,17.1,1,244,3,2026-01-21,1.0,Low
F0026,4,4,5.5,4.0,61.5,1,566,5,2026-05-03,9.4,Medium
F0027,1,5,8.3,4.1,0.0,0,564,4,2026-02-21,0.5,Medium
F0028,5,5,4.7,6.5,70.4,0,761,7,2026-03-22,3.5,High
F0029,4,3,5.6,3.7,71.9,1,404,4,2026-03-10,12.7,Medium
F0030,3,4,9.1,3.5,5.4,1,400,3,2026-05-16,3.1,Low
F0031,8,1,6.4,7.4,63.3,1,527,5,2026-05-15,0.5,Medium
F0032,3,3,7.3,1.8,44.1,1,834,6,2026-03-18,8.8,Medium
F0033,7,1,7.7,1.8,37.1,1,522,4,2026-07-03,17.2,Medium
F0034,7,2,2.8,8.2,83.3,1,597,7,2026-03-21,7.3,High
F0035,4,2,9.8,1.0,16.1,1,396,3,2026-05-08,3.0,Low
F0036,9,0,5.0,6.1,50.5,1,528,5,2026-08-24,12.7,High
F0037,3,4,8.0,1.0,33.5,1,748,5,2026-06-29,2.4,Low
F0039,2,3,5.0,5.3,60.4,0,200,9,2026-01-23,0.9,High
F0040,1,1,5.7,3.0,47.5,1,764,4,2026-08-09,1.6,Medium
F0041,3,2,8.7,1.4,20.0,0,332,4,2026-06-01,5.3,Low
F0042,3,3,4.9,6.8,77.2,1,428,5,2026-07-27,6.3,High
F0043,1,0,6.0,5.8,52.3,1,137,4,2026-03-28,4.4,Medium
F0044,7,2,4.4,4.8,60.5,1,582,4,2026-04-26,8.4,Medium
F0045,5,4,7.8,3.3,4.9,1,496,2,2026-07-16,4.0,Low
F0046,7,2,5.5,5.6,72.9,1,432,3,2026-08-06,0.8,Medium
F0047,5,5,7.4,1.7,18.0,0,492,7,2026-06-12,1.0,Medium
F0048,5,0,8.0,4.1,2.9,1,629,2,2026-09-01,1.3,Low
F0049,4,0,6.4,2.1,40.3,1,805,2,2026-05-01,2.1,Low
F0050,2,4,7.5,2.8,50.3,1,469,6,2026-02-02,9.2,Medium
F0051,5,3,5.4,6.9,77.9,1,588,6,2026-07-14,11.0,High
F0052,5,2,6.3,5.7,41.1,1,754,3,2026-04-23,5.8,Medium
F0053,2,5,6.1,6.4,31.2,1,640,7,2026-01-14,9.7,Medium
F0054,9,2,2.8,7.9,75.5,1,591,9,2026-07-14,0.5,High
F0055,9,2,4.7,6.6,67.9,0,308,10,2026-01-27,4.1,High
F0056,0,2,4.6,5.1,40.8,1,444,2,2026-01-11,1.7,Medium
F0057,8,0,6.6,5.9,68.2,1,781,4,2026-02-28,2.2,Medium
F0058,1,5,8.3,2.9,29.3,1,185,0,2026-04-12,3.8,Low
F0059,9,5,5.4,3.9,72.7,1,656,9,2026-01-22,6.9,High
F0060,2,0,10.0,1.0,17.9,1,197,3,2026-02-24,13.0,Low
F0061,5,4,4.0,5.2,62.0,1,203,5,2026-09-05,25.2,High
F0062,7,4,9.8,2.0,0.0,1,444,4,2026-08-19,2.5,Low
F0063,0,1,3.8,6.4,59.4,1,649,6,2026-05-24,5.0,High
F0064,5,1,7.6,4.6,21.4,1,489,4,2026-05-04,3.9,Low
F0065,2,1,5.9,3.7,60.5,1,449,4,2026-06-26,2.1,Medium
F0066,1,1,4.8,5.0,54.7,1,374,6,2026-06-11,9.6,Medium
F0067,1,2,3.3,7.2,76.2,1,571,9,2026-05-25,9.7,High
F0068,3,0,6.1,4.5,59.8,1,400,4,2026-01-28,0.5,Medium
F0069,6,0,6.1,4.3,58.1,1,241,3,2026-04-05,6.4,Medium
F0070,8,2,6.8,5.6,35.0,1,359,4,2026-01-28,7.4,Medium
F0071,5,4,8.1,1.0,38.2,1,514,1,2026-07-14,4.0,Low
F0072,7,1,4.9,5.6,75.7,1,359,6,2026-02-20,24.2,High
F0073,6,2,7.1,5.8,42.9,1,543,2,2026-05-30,0.5,Medium
F0074,2,3,7.2,3.5,48.3,1,574,4,2026-04-12,2.3,Medium
F0075,5,3,3.8,6.7,89.8,1,205,6,2026-05-28,1.4,High
F0076,2,1,9.4,1.0,19.7,1,391,3,2026-01-21,4.3,Low
F0077,0,3,5.8,6.1,79.9,1,735,12,2026-05-18,6.4,High
F0078,5,3,4.1,7.0,56.4,1,263,6,2026-08-12,36.0,High
F0079,3,3,4.5,6.7,58.7,1,523,4,2026-07-25,4.0,High
F0080,3,4,6.5,3.4,46.9,1,649,4,2026-01-01,5.4,Medium
F0081,5,1,5.4,6.0,38.2,1,712,6,2026-05-28,10.7,High
F0082,3,4,8.7,2.0,24.0,1,535,0,2026-01-08,2.8,Low
F0083,2,4,10.0,3.2,25.3,1,302,0,2026-05-20,13.4,Low
F0084,1,0,6.4,5.6,43.1,1,60,6,2026-03-11,5.3,Medium
F0085,8,4,6.9,1.6,26.7,1,757,3,2026-09-08,0.5,Low
F0086,7,5,2.8,7.0,73.7,1,196,6,2026-04-07,2.9,High
F0087,5,3,3.6,9.1,59.2,1,532,4,2026-03-19,18.4,High
F0088,6,1,10.0,3.4,37.9,1,773,4,2026-08-22,0.8,Low
F0089,9,1,8.8,4.3,28.2,1,413,1,2026-02-11,2.3,Low
F0090,0,3,5.1,6.7,45.5,1,357,3,2026-01-19,15.4,Medium
F0091,5,2,6.7,6.3,39.4,1,583,5,2026-02-21,28.7,High
F0093,7,4,4.0,8.0,69.7,1,553,6,2026-03-15,3.6,High
F0094,1,4,4.4,5.7,50.6,1,628,5,2026-03-22,2.5,Medium
F0095,1,2,10.0,1.0,1.1,1,966,0,2026-09-05,4.6,Low
F0096,4,3,10.0,1.0,21.0,1,415,1,2026-07-22,13.3,Low
F0097,0,0,3.8,6.4,67.7,1,360,7,2026-04-28,5.1,High
F0098,1,1,5.5,5.7,61.4,1,443,3,2026-03-12,8.6,Medium
F0099,7,2,5.4,4.7,36.2,1,535,4,2026-03-31,0.7,Medium
F0100,4,1,9.4,2.2,0.0,1,254,1,2026-09-04,1.3,Low
F0101,3,0,8.8,1.0,17.4,1,447,0,2026-07-23,1.9,Low
F0102,0,4,3.9,8.2,74.4,1,580,8,2026-05-15,10.4,High
F0103,1,1,8.4,1.0,34.3,1,531,0,2026-04-24,16.2,Low
F0104,5,3,4.8,7.5,31.4,1,328,6,2026-06-05,21.9,High
F0105,2,1,9.7,2.9,24.8,1,612,3,2026-03-21,10.2,Low
F0106,5,2,5.7,6.5,60.2,1,484,5,2026-08-16,3.5,Medium
F0107,5,3,6.9,3.6,33.0,0,176,5,2026-03-04,3.3,Medium
F0108,0,2,7.1,2.9,21.0,1,813,4,2026-03-06,2.1,Low
F0109,4,2,9.3,2.6,20.9,1,577,4,2026-01-02,3.0,Low
F0110,7,5,9.7,2.9,13.3,1,770,4,2026-07-03,1.1,Low
F0111,5,5,5.9,5.8,70.7,1,547,3,2026-02-25,10.3,Medium
F0112,6,4,6.9,4.4,58.9,1,701,3,2026-01-16,2.7,Medium
F0113,4,5,7.5,2.4,51.7,1,647,3,2026-03-06,17.2,Medium
F0114,1,1,7.4,2.5,22.3,1,700,3,2026-08-09,4.5,Low
F0115,2,4,8.5,3.7,38.2,1,236,4,2026-08-21,4.2,Low
F0116,1,3,5.1,5.8,44.1,1,413,9,2026-08-31,8.7,High
F0117,1,4,6.8,3.7,59.6,1,635,3,2026-06-18,6.1,Medium
F0118,9,3,5.1,4.7,72.6,1,667,4,2026-06-09,25.9,High
F0119,2,5,5.2,5.4,49.7,1,299,3,2026-04-26,14.0,Medium
F0120,6,2,8.8,4.6,18.7,1,398,2,2026-05-17,19.8,Low
F0121,1,1,5.9,7.3,60.4,1,333,5,2026-01-16,1.2,Medium
F0122,6,2,5.8,4.0,47.2,1,534,6,2026-02-13,2.9,Medium
F0123,9,4,7.8,4.7,26.7,1,274,2,2026-02-28,5.0,Low
F0124,6,2,6.9,5.6,53.4,1,243,4,2026-01-29,1.9,Medium
F0125,3,1,6.0,5.8,55.0,1,558,5,2026-07-14,0.5,Medium
F0126,6,4,5.2,6.0,73.0,1,295,7,2026-08-12,10.2,High
F0127,8,5,9.7,1.0,0.0,1,298,1,2026-06-16,4.1,Low
F0128,3,3,6.7,2.4,47.0,1,334,4,2026-07-25,4.3,Low
F0129,9,1,5.1,6.6,49.4,1,597,7,2026-06-28,5.4,High
F0130,1,2,7.9,4.9,25.7,1,565,4,2026-03-20,1.4,Low
F0131,9,2,8.9,1.5,4.3,1,493,3,2026-06-15,8.6,Low
F0132,4,4,4.6,5.0,66.4,1,514,4,2026-02-07,3.3,Medium
F0133,0,5,5.8,5.3,52.5,1,353,3,2026-08-25,14.5,Medium
F0134,3,2,4.9,8.1,51.4,1,670,5,2026-09-01,1.6,High
F0135,5,5,8.4,2.2,36.4,0,41,4,2026-08-13,0.7,Low
F0136,9,3,6.0,4.2,46.8,1,383,6,2026-01-27,3.1,Medium
F0137,0,1,5.2,7.3,47.1,1,539,5,2026-02-11,25.0,High
F0138,4,5,5.7,6.1,60.8,0,360,7,2026-02-13,6.8,High
F0139,3,0,4.0,8.6,74.1,1,127,6,2026-08-05,10.1,High
F0140,8,3,4.3,7.8,64.7,0,225,11,2026-03-12,1.6,High
F0141,0,4,5.5,7.7,35.1,1,416,3,2026-03-09,5.6,Medium
F0142,2,0,3.1,8.4,81.4,1,93,5,2026-01-23,9.6,High
F0143,7,0,5.8,4.3,39.0,1,491,3,2026-08-29,4.5,Medium
F0144,8,2,6.1,4.2,30.7,1,476,1,2026-08-03,5.2,Low
F0145,4,3,6.7,3.6,41.7,1,744,6,2026-03-05,6.1,Medium
F0146,5,0,8.6,2.5,13.5,0,571,6,2026-04-24,21.9,Medium
F0147,9,2,8.2,2.2,17.4,1,558,2,2026-02-20,0.6,Low
F0148,0,3,8.0,3.7,38.8,1,390,2,2026-08-18,9.2,Low
F0149,4,3,6.7,4.2,43.4,0,552,5,2026-05-02,7.0,Medium
F0150,3,5,7.9,4.4,35.2,1,327,3,2026-01-09,17.7,Medium
F0151,1,5,6.5,5.2,26.0,2,560,4,2026-07-04,4.0,Medium
F0152,9,0,5.7,3.1,44.0,1,873,5,2026-07-18,0.5,Medium
F0153,6,0,6.4,3.4,53.9,1,497,2,2026-03-10,0.8,Low
F0154,8,3,4.8,3.9,51.5,1,474,3,2026-04-04,8.9,Medium
F0155,3,4,5.4,2.6,62.5,1,463,4,2026-07-23,16.3,Medium
F0156,4,3,7.9,3.1,54.3,1,191,5,2026-06-19,15.1,Medium
F0157,3,0,7.0,2.7,26.8,0,569,7,2026-07-08,3.1,Medium
F0158,1,3,9.1,2.6,0.0,1,102,0,2026-06-14,5.9,Low
F0159,0,4,5.7,6.3,29.7,1,546,2,2026-06-30,4.4,Medium
F0160,6,2,7.4,3.0,74.1,0,709,8,2026-03-23,3.4,High
F0161,0,2,8.1,1.3,22.4,1,473,0,2026-01-17,7.8,Low
F0162,9,1,9.9,1.0,0.0,1,453,0,2026-07-23,5.7,Low
F0163,7,5,5.5,8.8,61.4,1,452,8,2026-08-17,18.4,High
F0164,1,1,8.6,1.8,55.0,1,739,5,2026-08-16,4.5,Low
F0165,9,5,10.0,1.0,1.1,1,129,0,2026-03-31,2.6,Low
F0166,5,5,7.5,4.1,74.6,1,451,6,2026-07-08,3.4,Medium
F0167,8,0,9.1,3.9,33.0,1,519,1,2026-02-07,4.9,Low
F0168,8,4,7.4,2.7,23.5,1,177,5,2026-04-04,11.4,Low
F0169,1,0,2.6,8.4,86.9,1,198,9,2026-05-26,1.3,High
F0170,0,5,5.9,6.2,82.0,1,215,4,2026-03-28,0.7,Medium
F0171,0,0,8.0,4.6,26.5,1,135,3,2026-01-24,6.2,Low
F0172,4,4,6.0,3.7,28.6,1,264,2,2026-05-29,7.4,Low
F0173,0,2,6.5,6.9,30.7,1,564,3,2026-06-24,1.3,Medium
F0174,3,5,7.5,2.7,55.1,1,813,1,2026-07-09,1.1,Low
F0175,7,2,7.5,4.1,45.5,1,597,7,2026-08-03,0.5,Medium
F0176,5,0,5.1,7.1,26.0,1,477,6,2026-08-28,36.0,High
F0177,4,5,5.6,5.4,39.5,1,581,6,2026-08-29,6.6,Medium
F0178,2,3,6.9,4.7,40.2,1,410,5,2026-01-24,3.9,Medium
F0179,8,3,5.3,5.3,49.1,1,401,4,2026-03-02,10.8,Medium
F0180,3,3,10.0,1.0,27.4,1,772,1,2026-07-25,1.7,Low
F0181,8,4,7.4,3.8,27.5,1,646,2,2026-06-13,7.0,Low
F0182,5,3,6.2,6.9,44.8,1,216,7,2026-06-03,5.7,Medium
F0183,4,1,4.5,7.9,79.9,1,393,7,2026-08-31,9.7,High
F0184,8,1,6.0,5.5,24.3,1,377,2,2026-07-14,1.4,Low
F0186,3,4,7.1,5.4,21.7,1,526,4,2026-09-02,2.9,Medium
F0187,0,4,5.9,5.8,59.8,1,324,4,2026-05-16,11.1,Medium
F0188,7,1,3.7,7.6,78.5,1,522,11,2026-05-28,2.6,High
F0189,2,0,5.9,4.0,29.9,1,846,6,2026-07-14,2.4,Medium
F0190,4,1,8.4,4.9,19.3,1,348,5,2026-08-15,3.2,Low
F0191,6,1,5.1,6.0,24.5,1,307,3,2026-05-05,1.1,Medium
F0192,6,5,4.7,7.1,54.1,1,589,7,2026-03-12,4.8,High
F0193,6,3,7.5,3.4,18.0,1,58,2,2026-05-27,7.9,Low
F0194,8,3,4.8,5.7,50.5,1,465,5,2026-08-02,19.1,High
F0195,9,0,8.3,2.7,0.0,0,444,5,2026-02-24,19.5,Medium
F0196,7,3,6.2,3.0,51.9,1,520,4,2026-05-20,5.3,Medium
F0197,8,5,4.9,7.9,44.6,1,148,5,2026-04-09,3.1,Medium
F0198,8,4,9.1,3.6,0.0,1,336,1,2026-04-05,8.3,Low
F0199,4,1,5.8,6.1,49.1,1,590,4,2026-01-06,23.1,High
F0200,1,1,9.3,1.1,26.2,1,303,1,2026-06-09,8.7,Low
F0201,3,4,7.8,2.7,24.4,1,327,2,2026-08-01,1.2,Low
F0202,3,4,3.8,7.3,42.6,1,454,4,2026-02-11,6.8,High
F0203,9,5,4.6,6.2,66.5,1,376,6,2026-03-26,17.5,High
F0204,5,2,8.7,1.0,31.3,1,20,1,2026-01-29,4.4,Low
F0205,0,3,4.3,6.6,77.9,1,516,4,2026-04-22,9.6,High
F0206,6,0,8.5,3.6,29.1,1,943,3,2026-08-30,0.5,Low
F0207,2,3,3.7,8.5,72.5,1,20,8,2026-07-13,4.1,High
F0208,3,2,6.3,3.9,26.5,1,314,2,2026-07-21,1.5,Low
F0209,7,4,6.2,3.9,49.2,1,431,2,2026-04-28,8.4,Medium
F0210,0,3,5.8,4.6,59.1,0,413,7,2026-08-03,12.4,High
F0211,7,5,6.4,5.1,31.8,1,296,4,2026-08-13,15.4,Medium
F0212,0,5,7.0,4.5,66.4,1,248,4,2026-06-13,12.7,Medium
F0213,2,5,6.9,1.7,42.3,0,878,6,2026-03-31,5.5,Medium
F0214,2,2,7.2,1.0,38.2,0,246,3,2026-08-02,2.9,Medium
F0215,3,4,6.0,5.8,37.9,1,391,5,2026-01-30,14.6,Medium
F0216,9,3,8.1,4.5,25.5,1,436,4,2026-08-19,7.8,Low
F0217,5,2,2.9,7.6,88.8,1,498,10,2026-04-22,0.5,High
F0218,5,2,7.9,3.9,21.7,0,945,7,2026-03-02,24.5,High
F0219,4,0,5.4,3.7,45.2,1,528,3,2026-06-07,2.5,Medium
F0220,9,0,7.0,2.5,37.7,1,676,3,2026-04-15,13.7,Medium
F0221,7,0,4.3,7.6,64.7,1,551,5,2026-03-20,20.5,High
F0222,5,4,5.5,5.7,70.5,1,20,4,2026-09-08,3.1,Medium
F0223,3,3,8.1,4.9,40.0,1,736,2,2026-01-31,18.7,Medium
F0224,1,1,5.7,5.6,46.0,1,453,5,2026-04-29,1.1,Medium
F0225,6,5,7.2,4.5,32.4,1,451,5,2026-01-09,20.4,Medium
F0226,8,3,4.9,5.9,57.2,1,336,9,2026-08-09,0.5,High
F0227,5,5,8.4,1.8,27.5,1,735,3,2026-07-27,3.3,Low
F0228,1,4,5.7,5.4,72.3,1,472,5,2026-01-17,35.9,High
F0229,3,3,4.7,7.4,61.5,1,440,4,2026-02-18,5.2,High
F0230,3,5,7.7,3.7,62.6,1,270,3,2026-05-24,19.3,Medium
F0231,4,2,5.7,4.6,52.2,1,398,6,2026-02-09,1.2,Medium
F0232,1,5,3.2,6.3,66.1,1,308,5,2026-03-13,3.6,High
F0233,6,1,6.4,3.4,52.7,1,522,3,2026-06-17,7.0,Medium
F0234,1,5,4.7,5.7,100.0,1,106,9,2026-07-14,4.2,High
F0235,1,3,6.0,5.9,57.9,1,507,6,2026-07-04,11.5,High
F0236,3,5,8.0,4.1,30.4,1,415,4,2026-08-18,1.6,Low
F0237,2,3,5.5,5.5,67.5,1,579,6,2026-07-31,11.5,High
F0238,8,0,6.2,4.5,28.5,0,442,9,2026-03-28,8.7,High
F0239,5,5,5.7,6.7,64.5,1,520,7,2026-05-07,5.0,High
F0240,9,4,7.1,2.8,27.7,1,650,3,2026-07-14,13.8,Medium
F0241,8,4,4.6,8.5,84.6,1,20,7,2026-06-10,2.9,High
F0242,4,4,6.0,6.1,45.7,1,142,4,2026-07-12,2.1,Medium
F0243,5,0,3.5,9.8,85.4,1,1148,11,2026-04-18,10.9,High
F0244,7,0,6.9,4.3,35.3,1,521,2,2026-06-05,1.1,Low
F0245,3,3,4.8,4.5,60.1,0,346,7,2026-08-03,4.9,High
F0246,9,2,7.7,3.6,19.9,0,124,5,2026-05-08,0.7,Medium
F0247,1,0,6.1,4.6,68.0,1,395,6,2026-01-06,10.5,Medium
F0248,0,1,6.0,5.4,70.8,1,370,4,2026-08-26,3.5,Medium
F0249,9,0,4.7,6.3,66.2,1,445,9,2026-03-14,24.5,High
F0250,9,3,9.4,1.0,37.8,1,372,2,2026-08-20,9.6,Low
F0251,3,2,5.3,8.0,74.7,1,713,9,2026-05-05,8.5,High
F0252,2,4,10.0,1.0,8.0,1,47,1,2026-04-06,7.5,Low
F0253,0,3,9.0,2.3,27.1,1,708,3,2026-02-02,9.1,Low
F0254,3,1,9.5,2.0,0.0,1,465,2,2026-09-08,8.3,Low
F0255,0,5,5.7,6.5,45.3,1,497,6,2026-06-02,4.6,Medium
F0256,2,5,8.9,2.7,25.7,1,382,3,2026-07-18,8.9,Low
F0257,4,2,7.6,4.4,41.4,1,717,6,2026-09-08,7.8,Medium
F0258,2,5,6.4,5.6,69.2,1,789,3,2026-04-10,5.0,Medium
F0259,4,3,4.2,6.7,58.4,1,220,6,2026-04-23,5.0,High
F0260,0,3,6.6,4.1,59.8,1,80,4,2026-02-27,10.9,Medium
F0261,1,1,6.1,6.5,64.6,1,414,4,2026-08-06,10.7,Medium
F0262,5,3,6.9,5.1,19.4,1,670,4,2026-02-14,3.2,Medium
F0263,7,2,6.6,3.5,49.5,1,158,3,2026-03-13,9.3,Medium
F0264,4,5,5.6,6.0,34.5,1,320,4,2026-05-30,29.0,High
F0265,8,1,6.0,7.6,69.0,1,399,6,2026-05-22,24.7,High
F0266,8,5,2.2,9.5,74.3,1,606,6,2026-09-08,8.5,High
F0267,5,4,4.6,5.0,56.7,1,491,4,2026-07-08,11.0,Medium
F0268,1,5,8.2,2.8,29.1,1,391,0,2026-07-03,4.6,Low
F0269,9,1,2.4,10.0,87.8,1,200,7,2026-09-06,2.5,High
F0270,5,4,6.1,4.9,42.8,1,450,4,2026-03-22,19.9,Medium
F0271,1,1,10.0,1.0,18.3,1,751,3,2026-05-21,7.9,Low
F0272,2,1,10.0,1.0,16.5,1,387,0,2026-04-30,7.4,Low
F0273,1,4,7.1,4.2,39.4,1,516,4,2026-06-25,5.5,Medium
F0274,4,2,6.5,4.0,28.5,1,767,6,2026-07-08,0.8,Medium
F0275,5,0,3.8,8.8,81.9,1,206,5,2026-03-26,0.5,High
F0276,1,2,5.4,5.3,34.0,1,145,5,2026-02-14,14.7,Medium
F0277,6,1,6.4,2.9,17.6,1,806,4,2026-05-26,1.1,Low
F0278,5,4,7.2,4.4,30.5,1,512,5,2026-05-03,7.8,Medium
F0279,9,5,8.1,3.9,14.8,0,279,6,2026-08-04,32.5,High
F0280,7,3,6.0,4.1,26.3,0,435,7,2026-05-15,0.5,Medium
F0281,4,3,10.0,1.0,2.8,1,538,0,2026-03-20,10.9,Low
F0282,4,1,7.3,3.1,51.9,1,527,2,2026-02-03,3.7,Low
F0283,1,3,2.1,10.0,83.8,0,594,11,2026-03-31,0.9,High
F0284,8,0,6.0,4.5,27.0,1,686,4,2026-05-13,11.5,Medium
F0285,4,1,8.7,3.9,20.3,1,885,3,2026-02-02,0.5,Low
F0286,9,2,5.0,7.8,53.9,1,355,6,2026-03-27,14.7,High
F0287,6,4,6.4,5.2,24.3,1,272,6,2026-05-06,5.3,Medium
F0288,7,0,7.4,1.7,59.1,1,487,3,2026-08-03,12.2,Medium
F0289,3,3,6.4,7.5,33.3,1,802,5,2026-04-25,1.0,Medium
F0290,6,0,5.8,5.7,48.3,1,344,8,2026-08-22,3.0,Medium
F0291,3,2,7.1,5.5,31.6,1,719,2,2026-04-11,6.7,Medium
F0292,9,3,6.5,6.3,69.9,1,127,4,2026-01-05,8.9,Medium
F0293,4,3,6.5,3.2,42.6,1,241,0,2026-03-14,30.6,Medium
F0294,0,3,8.7,3.2,26.5,1,30,3,2026-02-13,4.6,Low
F0295,2,1,3.7,7.2,53.9,1,611,8,2026-06-11,8.1,High
F0296,8,3,7.6,4.0,22.8,1,484,7,2026-02-25,1.1,Low
F0297,1,2,7.5,4.8,20.1,0,581,6,2026-03-03,1.7,Medium
F0298,1,1,7.8,3.6,20.6,1,308,2,2026-03-17,14.6,Low
F0299,3,1,6.4,5.8,23.4,1,402,5,2026-08-20,35.1,High
F0300,8,2,6.8,3.6,38.9,1,460,3,2026-04-24,0.5,Low
F0301,7,1,7.2,2.7,23.4,1,198,3,2026-02-03,2.2,Low
F0302,6,2,6.0,4.4,50.6,0,524,6,2026-08-25,0.5,High
F0303,4,4,8.2,2.2,25.6,1,175,0,2026-05-21,4.2,Low
F0304,6,3,9.7,1.6,12.2,1,434,2,2026-09-03,4.0,Low
F0305,9,4,6.2,5.5,55.3,1,864,6,2026-07-15,7.5,Medium
F0307,1,2,9.8,1.6,8.9,1,822,0,2026-03-23,3.3,Low
F0308,0,4,5.7,4.7,41.5,1,494,4,2026-04-23,36.0,High
F0309,9,5,4.2,8.8,69.1,1,316,6,2026-01-15,12.3,High
F0310,8,4,2.4,7.1,73.4,1,883,8,2026-06-08,5.1,High
F0311,8,0,7.0,4.1,36.7,1,403,1,2026-06-24,3.0,Low
F0312,1,0,4.1,7.6,68.0,1,497,7,2026-07-06,5.6,High
F0313,9,2,5.6,3.6,40.7,1,327,4,2026-09-07,27.9,Medium
F0314,2,0,4.4,6.2,45.1,0,273,7,2026-03-31,8.2,High
F0315,8,5,6.2,3.7,46.6,1,441,6,2026-01-17,6.4,Medium
F0316,1,2,3.8,6.2,91.0,1,364,6,2026-06-19,5.1,High
F0317,4,2,5.4,6.5,29.8,1,20,4,2026-01-06,8.3,Medium
F0318,8,4,4.7,6.3,64.9,1,438,6,2026-08-03,3.7,High
F0319,5,3,4.5,6.6,55.3,1,400,4,2026-03-25,15.0,High
F0320,8,1,4.0,7.1,62.5,1,422,7,2026-07-12,3.1,High
F0321,0,4,10.0,2.4,24.6,0,402,4,2026-03-26,16.8,Medium
F0322,4,0,4.5,6.8,66.9,1,555,9,2026-05-16,9.6,High
F0323,7,3,6.4,5.0,20.3,1,246,2,2026-09-03,3.4,Low
F0324,5,4,7.1,4.7,39.5,1,798,6,2026-07-23,2.8,Medium
F0325,5,0,7.6,2.8,24.9,1,260,3,2026-08-14,3.6,Low
F0326,3,4,6.9,4.3,50.8,1,434,2,2026-06-26,0.7,Low
F0327,0,2,8.9,1.8,0.0,1,290,0,2026-09-01,4.1,Low
F0328,1,4,5.6,4.9,52.4,0,372,6,2026-03-17,17.3,High
F0329,0,0,9.0,5.3,46.1,1,360,4,2026-03-17,4.1,Low
F0330,3,4,6.3,3.8,65.7,1,669,6,2026-05-22,6.0,Medium
F0331,1,5,6.7,4.2,36.0,1,151,4,2026-02-21,0.9,Low
F0332,0,5,8.4,3.0,2.2,1,759,0,2026-09-06,2.3,Low
F0333,6,1,5.2,5.9,39.3,1,604,3,2026-05-02,3.9,Medium
F0334,1,2,8.8,1.2,24.5,1,225,4,2026-09-09,2.8,Low
F0335,2,1,9.8,3.8,0.0,1,573,1,2026-04-19,4.0,Low
F0336,8,5,5.4,4.0,55.0,1,795,6,2026-07-26,0.5,Medium
F0337,4,0,6.7,4.1,51.0,1,819,1,2026-04-12,2.2,Medium
F0338,8,4,7.5,4.2,19.6,1,469,3,2026-08-17,3.5,Low
F0339,0,2,4.9,5.5,73.3,1,829,6,2026-03-25,8.8,High
F0340,5,2,8.2,4.0,12.4,1,402,4,2026-01-05,0.5,Low
F0341,2,0,4.9,4.7,68.6,1,438,8,2026-08-05,2.7,High
F0342,3,1,5.8,4.3,52.3,1,125,4,2026-01-04,6.6,Medium
F0343,9,0,10.0,1.0,0.0,1,318,0,2026-05-22,8.6,Low
F0344,0,4,6.6,4.3,64.6,0,392,8,2026-01-30,10.9,High
F0345,0,1,4.9,4.4,54.2,0,114,6,2026-01-19,2.3,High
F0346,9,5,7.3,6.1,35.5,1,353,1,2026-09-01,7.6,Medium
F0347,9,1,6.0,5.8,38.2,1,194,4,2026-04-04,4.8,Medium
F0348,0,0,3.4,8.6,78.4,1,293,10,2026-05-14,3.0,High
F0349,2,5,5.5,5.6,71.2,1,533,5,2026-03-03,7.3,High
F0350,8,0,6.6,4.3,47.1,1,525,5,2026-08-23,3.9,Medium
F0351,8,5,7.2,3.2,48.2,0,526,8,2026-04-18,2.8,Medium
F0352,2,4,7.1,4.0,21.9,1,688,5,2026-07-26,7.5,Medium
F0353,7,2,6.0,5.2,52.2,1,631,5,2026-01-03,2.9,Medium
F0354,4,0,5.3,5.3,42.2,1,211,6,2026-01-24,1.4,Medium
F0355,8,4,4.2,7.2,49.4,1,394,8,2026-04-07,1.1,High
F0356,9,1,6.3,5.6,46.5,0,441,8,2026-03-05,5.3,High
F0357,6,1,6.1,4.6,54.8,1,311,7,2026-01-11,0.5,Medium
F0358,4,4,6.3,5.8,55.4,1,424,7,2026-01-05,1.7,Medium
F0359,4,3,4.9,4.5,55.5,1,727,8,2026-03-02,13.3,High
F0360,2,0,8.3,3.0,11.3,1,502,0,2026-07-03,27.1,Low
F0361,0,1,7.7,4.7,50.8,1,250,4,2026-02-26,2.0,Low
F0362,5,0,6.5,1.3,44.8,1,744,5,2026-04-29,17.6,Medium
F0363,1,3,6.3,5.1,56.3,1,20,3,2026-03-01,3.3,Medium
F0364,1,0,4.6,7.1,61.1,1,208,9,2026-05-18,23.3,High
F0365,1,2,6.9,3.3,10.8,1,758,5,2026-03-27,3.7,Low
F0366,8,5,3.7,7.2,64.1,0,552,11,2026-08-13,6.7,High
F0367,2,4,5.1,6.7,77.0,1,490,8,2026-02-27,27.2,High
F0368,9,5,9.5,2.5,19.6,1,336,0,2026-04-25,10.9,Low
F0369,6,1,3.5,7.2,87.5,1,612,7,2026-01-28,3.2,High
F0370,7,0,4.7,7.7,53.0,1,297,6,2026-06-14,10.4,High
F0371,1,4,7.0,3.9,42.4,1,741,1,2026-08-18,2.0,Low
F0372,1,5,7.3,3.1,38.6,1,371,3,2026-01-01,4.0,Low
F0373,5,0,9.0,1.6,34.9,1,249,0,2026-04-25,4.6,Low
F0374,6,0,9.4,1.0,10.2,1,237,0,2026-04-24,0.9,Low
F0375,1,0,4.7,7.8,65.1,1,166,7,2026-07-29,0.8,High
F0376,1,4,5.1,5.3,50.3,0,239,9,2026-06-23,11.4,High
F0377,6,5,9.0,2.5,17.6,0,330,3,2026-09-13,4.6,Low
F0378,0,2,5.2,5.7,37.5,1,20,3,2026-04-01,11.4,Medium
F0379,4,4,6.3,4.0,30.9,0,623,4,2026-05-08,5.3,Medium
F0380,3,0,9.9,4.5,4.5,1,581,3,2026-06-03,9.0,Low
F0381,3,5,5.3,2.7,48.0,1,320,3,2026-04-02,2.6,Medium
F0382,3,0,8.7,1.9,12.1,1,279,3,2026-08-02,6.3,Low
F0383,4,1,7.8,2.3,38.4,1,438,4,2026-03-24,0.5,Low
F0384,1,5,6.9,4.1,66.7,1,326,7,2026-08-20,0.5,Medium
F0385,6,4,8.5,1.0,40.7,1,157,2,2026-05-28,2.0,Low
F0386,7,5,3.1,5.4,96.9,0,323,12,2026-05-09,0.5,High
F0387,7,0,9.0,1.0,11.6,1,485,0,2026-04-11,9.3,Low
F0388,2,0,8.3,1.0,40.0,1,778,2,2026-01-21,1.0,Low
F0389,0,3,5.5,5.3,43.2,1,344,5,2026-06-15,9.3,Medium
F0390,9,5,7.3,4.0,16.9,1,307,5,2026-02-07,6.0,Low
F0391,9,0,6.6,5.2,57.7,1,538,6,2026-04-20,5.8,Medium
F0392,1,1,7.1,3.3,45.6,1,20,2,2026-01-05,13.0,Low
F0393,2,0,5.6,6.2,32.0,1,45,5,2026-02-28,0.5,Medium
F0394,5,3,5.2,4.8,52.3,0,523,7,2026-08-17,12.2,High
F0395,7,1,5.6,7.2,49.1,1,512,6,2026-02-03,26.7,High
F0396,1,1,4.1,6.3,58.1,1,506,5,2026-08-11,13.2,High
F0397,4,4,6.2,4.5,45.4,1,370,4,2026-04-27,1.5,Medium
F0398,0,3,7.1,2.5,50.9,1,757,4,2026-02-02,5.7,Medium
F0399,2,4,6.2,4.3,52.2,1,384,6,2026-08-13,2.7,Medium
F0400,8,0,8.1,3.0,26.0,1,498,5,2026-06-01,12.0,Low
F0401,6,3,4.5,3.9,67.8,1,88,3,2026-03-05,22.4,Medium
F0402,7,4,5.6,4.2,45.4,1,559,5,2026-06-26,10.1,Medium
F0403,3,4,9.5,1.0,22.1,1,539,3,2026-01-28,2.2,Low
F0404,9,2,8.3,2.4,23.0,1,429,3,2026-06-19,6.5,Low
F0405,0,5,5.7,4.5,49.5,1,511,4,2026-03-20,5.0,Medium
F0406,4,0,8.9,1.4,31.1,1,595,2,2026-08-12,1.9,Low
F0407,4,2,8.5,4.1,36.7,1,259,2,2026-02-11,2.7,Low
F0408,0,5,6.0,5.7,42.2,1,181,2,2026-01-16,16.7,Medium
F0409,2,2,4.3,7.7,78.0,1,275,4,2026-07-07,36.0,High
F0410,3,3,7.0,5.3,27.2,1,602,5,2026-07-06,0.7,Medium
F0411,5,0,4.5,4.3,68.2,1,145,4,2026-03-16,5.4,Medium
F0412,2,4,6.8,6.3,46.8,1,415,5,2026-07-04,8.3,Medium
F0414,2,2,5.3,4.6,48.5,1,29,3,2026-05-09,0.6,Medium
F0415,7,3,4.6,6.3,71.5,1,242,5,2026-03-26,7.0,High
F0416,2,0,6.4,3.5,43.4,1,594,6,2026-04-28,12.7,Medium
F0417,8,1,6.0,3.5,38.5,1,450,4,2026-03-24,13.4,Medium
F0418,0,5,6.5,1.8,41.2,1,679,7,2026-07-27,5.5,Medium
F0419,8,2,3.9,5.1,63.3,0,25,7,2026-09-04,1.8,High
F0420,8,1,5.1,6.8,39.5,1,489,4,2026-05-16,8.1,Medium
F0421,2,2,4.7,3.6,55.4,1,382,7,2026-09-16,1.1,Medium
F0422,1,4,6.6,3.8,37.2,0,64,4,2026-03-02,5.7,Medium
F0423,3,4,4.2,4.4,63.5,0,427,7,2026-01-23,8.5,High
F0424,2,2,7.2,4.1,62.2,1,214,5,2026-02-20,10.1,Medium
F0425,0,5,6.3,6.9,50.2,1,380,5,2026-01-04,5.9,Medium
F0426,2,1,6.6,4.5,43.7,1,356,3,2026-03-21,3.4,Medium
F0427,8,0,5.1,5.4,38.5,1,366,4,2026-09-05,36.0,High
F0428,1,1,7.2,2.4,31.4,0,94,4,2026-03-12,3.8,Medium
F0429,8,4,6.8,6.5,46.9,1,398,5,2026-01-27,11.6,Medium
F0430,4,2,3.9,7.2,66.6,1,736,10,2026-02-02,4.3,High
F0431,8,1,4.6,7.7,55.4,1,20,5,2026-01-30,8.0,High
F0432,0,2,10.0,1.0,12.1,1,671,0,2026-04-29,1.6,Low
F0433,0,2,5.6,4.3,30.2,1,20,2,2026-07-27,2.4,Low
F0434,9,0,8.1,1.0,26.6,1,581,3,2026-06-28,13.3,Low
F0435,4,0,7.1,7.2,24.4,1,492,2,2026-09-15,1.4,Medium
F0436,2,5,6.3,6.9,37.1,0,716,6,2026-08-15,6.4,High
F0437,1,4,5.0,6.1,44.1,1,751,7,2026-05-13,17.0,High
F0438,4,2,4.7,3.5,26.2,1,454,6,2026-01-05,23.3,Medium
F0439,8,1,6.0,6.3,47.9,1,228,4,2026-05-18,1.5,Medium
F0440,7,2,7.6,2.2,5.6,1,541,5,2026-04-16,15.5,Low
F0441,3,3,8.2,1.0,13.2,1,730,4,2026-01-04,0.6,Low
F0442,5,2,5.8,5.9,38.8,1,794,3,2026-05-21,6.4,Medium
F0443,3,0,10.0,1.0,10.1,1,583,1,2026-01-17,0.5,Low
F0444,6,1,4.3,5.1,76.5,1,766,6,2026-01-05,4.6,High
F0445,9,2,7.0,5.7,30.2,1,699,4,2026-06-25,6.0,Medium
F0446,0,2,8.5,1.6,25.6,1,129,4,2026-04-03,2.5,Low
F0447,5,3,9.3,1.4,27.1,1,106,2,2026-03-18,6.1,Low
F0448,4,0,5.4,6.3,68.2,0,585,7,2026-09-07,9.6,High
F0449,9,0,4.1,6.3,47.9,1,630,4,2026-08-19,12.6,High
F0450,0,5,6.8,3.1,54.6,0,427,7,2026-04-12,1.0,Medium
F0451,2,5,5.0,4.7,68.4,1,406,6,2026-02-10,5.4,Medium
F0452,1,3,4.4,6.2,81.7,1,627,9,2026-07-27,3.1,High
F0453,0,5,7.1,4.7,33.4,1,596,4,2026-07-05,7.8,Medium
F0454,7,2,8.4,3.9,23.3,1,781,3,2026-02-10,8.1,Low
F0455,4,5,5.7,5.7,65.3,1,333,0,2026-02-23,11.1,Medium
F0456,8,5,5.5,6.6,69.4,0,369,10,2026-03-06,2.5,High
F0457,3,4,6.6,4.1,28.2,1,56,5,2026-05-20,4.8,Low
F0458,3,1,6.0,7.1,73.6,1,225,4,2026-08-11,10.4,Medium
F0459,6,3,5.4,4.7,43.4,1,654,4,2026-06-05,4.4,Medium
F0460,5,0,7.5,1.3,31.1,1,367,4,2026-09-09,8.7,Low
F0461,7,2,8.4,2.7,23.7,1,583,1,2026-07-22,3.5,Low
F0462,4,1,7.7,2.9,13.0,1,446,3,2026-05-20,7.4,Low
F0463,0,4,6.2,2.4,22.8,1,654,2,2026-05-20,2.6,Low
F0464,8,1,4.4,6.7,65.0,1,292,6,2026-05-18,0.8,High
F0465,5,1,6.2,4.9,48.2,1,450,5,2026-07-10,4.1,Medium
F0466,3,4,4.2,7.1,52.1,1,501,6,2026-02-06,11.2,High
F0467,7,1,8.1,5.4,29.1,1,645,3,2026-08-15,27.5,Medium
F0468,4,0,4.6,7.3,60.3,1,700,8,2026-07-19,1.8,High
F0469,7,3,8.1,4.7,28.5,1,152,2,2026-01-27,4.9,Low
F0470,6,3,8.1,3.0,44.0,1,510,1,2026-05-05,3.8,Low
F0471,6,3,3.9,6.1,63.8,1,311,4,2026-06-23,2.1,Medium
F0472,5,1,6.4,4.1,50.8,1,628,6,2026-06-27,2.9,Medium
F0473,7,5,7.4,5.5,30.7,0,522,5,2026-09-08,5.0,Medium
F0474,1,5,7.0,4.5,50.9,1,364,7,2026-03-24,18.4,Medium
F0475,0,0,7.3,4.6,35.2,1,639,3,2026-01-10,7.6,Medium
F0476,3,2,7.2,4.0,27.0,1,280,1,2026-09-12,3.7,Low
F0477,7,3,5.1,5.2,51.8,1,347,5,2026-01-17,0.5,Medium
F0478,6,0,5.5,4.9,53.1,1,596,3,2026-05-12,5.6,Medium
F0479,9,5,7.0,6.0,70.4,1,470,6,2026-02-01,19.8,High
F0480,1,0,4.5,6.4,32.1,1,450,5,2026-01-21,7.2,Medium
F0481,3,1,7.6,3.8,27.2,1,417,4,2026-04-02,3.7,Low
F0482,1,2,9.0,1.0,12.7,1,137,0,2026-08-07,9.1,Low
F0483,9,4,7.0,2.4,18.5,1,420,6,2026-06-16,6.9,Low
F0484,9,4,4.7,6.4,44.9,1,210,4,2026-05-11,1.8,Medium
F0485,7,2,4.6,6.8,54.7,1,20,6,2026-06-03,5.5,Medium
F0486,1,3,6.3,4.9,43.0,1,364,3,2026-03-21,6.1,Medium
F0487,1,1,5.3,5.9,51.5,1,889,5,2026-04-22,2.2,Medium
F0488,0,1,8.7,1.6,38.0,1,706,1,2026-02-18,12.8,Low
F0489,1,2,5.4,7.6,48.4,1,388,4,2026-08-02,11.1,Medium
F0490,9,5,9.3,1.7,0.0,0,222,2,2026-01-22,0.5,Low
F0491,1,2,4.8,5.7,56.2,1,309,8,2026-09-16,36.0,High
F0492,4,3,5.8,3.1,60.0,1,301,6,2026-07-24,10.3,Medium
F0493,7,3,4.8,7.0,51.2,1,77,4,2026-05-07,1.7,Medium
F0494,9,2,7.9,3.0,45.7,1,334,3,2026-07-07,4.0,Low
F0495,5,3,5.3,7.3,66.1,0,458,10,2026-03-16,7.2,High
F0496,7,5,6.3,5.5,40.6,1,627,7,2026-01-28,0.7,Medium
F0497,3,2,9.8,1.0,14.8,1,396,0,2026-04-18,0.9,Low
F0498,2,5,6.5,5.0,59.8,1,76,4,2026-01-10,1.1,Medium
F0499,1,4,8.3,1.8,27.1,1,507,2,2026-01-05,8.9,Low
F0500,7,4,8.5,1.5,8.0,0,362,5,2026-07-17,2.6,Low
F0501,6,2,3.4,7.5,84.7,1,286,8,2026-01-12,0.7,High
F0502,4,2,10.0,2.0,6.4,2,428,0,2026-07-01,8.6,Low
F0503,7,2,10.0,1.0,11.2,1,507,5,2026-05-24,3.7,Low
F0504,2,2,6.4,3.9,56.1,1,396,2,2026-04-27,8.5,Medium
F0505,8,0,4.6,5.8,53.3,1,707,5,2026-04-14,1.1,Medium
F0506,9,3,4.3,5.7,35.6,0,20,9,2026-03-22,11.0,High
F0507,2,0,2.1,7.8,92.1,1,560,9,2026-07-31,9.7,High
F0508,8,2,2.5,5.7,90.9,0,590,10,2026-02-24,11.3,High
F0509,5,2,10.0,1.6,0.0,1,228,0,2026-02-10,6.8,Low
F0510,8,2,6.8,2.4,40.5,1,127,5,2026-03-12,5.1,Low
F0511,1,2,6.7,5.6,73.0,0,332,7,2026-04-15,1.9,High
F0512,2,4,5.3,9.1,36.3,1,235,5,2026-05-07,4.6,Medium
F0513,3,3,6.8,2.4,50.9,1,116,1,2026-01-20,21.0,Medium
F0514,3,4,5.4,3.3,61.3,1,695,5,2026-01-21,3.8,Medium
F0515,4,5,3.7,7.1,79.8,1,485,8,2026-08-05,2.7,High
F0516,1,2,4.5,8.2,51.1,0,121,9,2026-09-14,0.7,High
F0517,5,3,7.2,1.0,34.7,1,318,3,2026-04-14,4.5,Low
F0518,5,1,8.7,2.3,45.2,0,530,3,2026-02-28,1.0,Medium
F0519,9,5,4.9,7.3,39.4,1,689,5,2026-03-29,22.4,High
F0520,4,1,7.7,5.1,12.5,1,661,5,2026-06-07,0.5,Low
F0521,5,4,6.6,3.0,37.7,1,351,3,2026-08-23,1.7,Low
F0522,5,3,5.4,5.5,53.0,0,452,10,2026-07-29,4.8,High
F0523,9,3,6.2,4.7,54.5,1,310,5,2026-01-29,12.9,Medium
F0524,2,2,7.6,3.6,36.4,1,272,2,2026-02-25,0.7,Low
F0525,6,3,7.2,4.7,25.7,1,140,5,2026-07-04,6.2,Low
F0526,4,4,5.7,5.4,38.4,0,588,6,2026-02-03,13.9,High
F0527,5,1,8.3,4.2,24.7,1,696,2,2026-02-14,8.9,Low
F0528,8,5,5.8,4.1,19.6,0,360,9,2026-07-01,2.9,High
F0529,1,3,4.3,6.1,52.3,1,241,4,2026-01-01,7.1,Medium
F0530,9,0,1.3,7.4,95.8,1,510,11,2026-01-24,4.0,High
F0531,6,3,3.9,6.4,76.3,1,440,6,2026-06-15,11.7,High
F0532,9,1,8.5,2.0,13.7,1,390,1,2026-06-19,1.4,Low
F0533,2,1,4.3,6.9,70.7,1,456,9,2026-08-25,4.6,High
F0534,9,3,3.4,9.1,77.3,1,307,6,2026-06-19,0.5,High
F0535,4,1,7.9,2.9,70.3,1,552,2,2026-03-01,13.9,Medium
F0536,7,5,5.6,6.7,34.4,1,815,7,2026-06-04,3.5,Medium
F0537,8,2,6.1,5.5,52.4,0,57,9,2026-09-14,4.4,High
F0538,3,1,6.7,3.5,55.3,1,357,5,2026-02-20,11.0,Medium
F0539,9,4,7.7,3.3,46.2,1,479,3,2026-02-14,0.9,Low
F0540,9,2,6.9,4.6,35.7,1,428,3,2026-04-18,10.7,Medium
F0541,7,5,6.9,5.1,33.5,1,645,4,2026-02-22,1.2,Medium
F0542,4,5,6.7,3.6,51.6,1,379,3,2026-02-06,2.1,Medium
F0543,8,1,8.2,1.8,31.4,0,446,5,2026-07-20,0.5,Medium
F0544,3,3,6.9,2.7,29.2,1,334,1,2026-04-12,2.8,Low
F0545,5,2,9.5,1.1,9.2,1,455,0,2026-08-27,18.9,Low
F0546,9,4,6.8,4.9,38.3,0,419,8,2026-06-19,1.5,High
F0547,2,1,5.7,5.3,62.8,1,593,4,2026-02-22,2.5,Medium
F0548,7,5,8.4,2.9,14.5,1,501,0,2026-07-31,3.8,Low
F0549,3,1,6.4,5.4,39.3,1,438,0,2026-06-25,8.9,Medium
F0550,9,5,8.6,2.6,45.2,1,690,2,2026-08-26,5.0,Low
F0551,5,1,8.1,3.7,24.0,1,639,1,2026-06-17,8.7,Low
F0552,8,1,4.4,6.3,57.2,1,791,4,2026-01-01,7.6,High
F0553,2,1,7.8,4.5,17.6,1,614,2,2026-06-05,8.6,Low
F0554,4,3,8.7,3.5,22.3,1,1074,3,2026-03-07,3.9,Low
F0555,2,1,4.8,7.4,79.4,1,542,9,2026-05-01,3.3,High
F0556,5,2,3.5,6.0,60.0,1,234,7,2026-03-30,1.8,High
F0557,6,2,7.1,5.1,61.9,1,237,4,2026-02-06,36.0,High
F0558,5,1,5.5,5.2,36.6,1,522,5,2026-08-01,7.7,Medium
F0559,0,4,4.8,5.4,65.9,1,667,5,2026-01-04,4.5,High
F0560,0,4,7.4,4.1,27.0,1,195,4,2026-01-20,3.4,Low
F0561,5,5,6.1,4.3,25.8,1,469,8,2026-05-24,9.9,Medium
F0562,3,5,5.8,7.6,63.7,1,73,5,2026-02-09,24.2,High
F0563,9,0,6.2,5.2,32.7,1,747,2,2026-08-04,5.4,Medium
F0564,5,5,7.0,3.9,42.6,0,428,4,2026-02-01,6.2,Medium
F0565,4,2,6.7,4.7,67.1,1,405,6,2026-05-23,2.5,Medium
F0566,5,0,7.5,2.7,27.0,1,413,1,2026-03-19,18.1,Low
F0567,0,2,6.9,3.2,35.0,1,188,3,2026-03-16,14.9,Medium
F0568,7,5,7.1,5.0,18.2,1,189,4,2026-03-27,9.7,Low
F0569,2,1,6.2,3.6,31.5,1,142,2,2026-04-30,1.4,Low
F0570,2,1,7.4,3.2,20.1,1,453,3,2026-08-18,19.7,Medium
F0571,9,0,5.5,7.0,58.6,1,402,7,2026-05-20,3.3,High
F0572,3,0,4.2,6.7,70.5,1,136,8,2026-04-10,10.4,High
F0573,9,2,3.8,3.5,67.0,1,459,4,2026-08-17,0.5,Medium
F0574,0,1,7.6,3.2,23.1,1,374,2,2026-04-22,6.8,Low
F0575,1,1,9.8,3.5,30.1,1,584,0,2026-04-05,10.8,Low
F0576,9,0,3.7,7.7,79.4,1,644,8,2026-08-07,36.0,High
F0577,1,4,6.8,4.6,43.1,1,216,5,2026-08-14,0.5,Medium
F0578,7,5,6.0,5.9,46.8,1,365,4,2026-08-09,5.8,Medium
F0579,8,1,3.8,5.0,66.4,1,329,6,2026-09-12,6.4,High
F0580,3,1,8.5,1.0,0.4,1,394,3,2026-01-02,17.6,Low
F0581,1,5,8.5,1.9,0.7,1,595,2,2026-09-04,11.5,Low
F0582,9,5,6.4,1.0,34.9,1,405,4,2026-02-16,36.0,Medium
F0583,4,1,7.4,2.7,48.2,1,117,0,2026-04-08,1.7,Low
F0584,8,3,4.7,5.8,63.9,1,20,5,2026-04-08,4.3,Medium
F0585,6,3,7.5,5.4,21.0,1,289,2,2026-08-19,5.8,Low
F0586,3,2,8.6,1.8,35.4,1,304,2,2026-08-23,8.0,Low
F0587,8,3,6.3,3.8,65.8,1,586,6,2026-05-05,0.5,Medium
F0588,1,3,4.9,6.3,61.9,1,495,4,2026-02-02,1.4,Medium
F0589,1,1,3.0,8.0,79.6,1,820,10,2026-06-16,12.5,High
F0590,1,3,6.1,4.3,43.6,1,530,2,2026-06-21,6.7,Medium
F0591,8,3,5.9,7.3,55.5,1,614,5,2026-07-12,2.1,Medium
F0592,2,1,5.9,5.5,45.0,1,738,4,2026-05-26,6.8,Medium
F0593,0,2,7.6,1.3,30.2,1,290,0,2026-01-20,5.6,Low
F0594,7,3,8.8,1.8,3.9,1,516,0,2026-05-01,4.1,Low
F0595,4,3,10.0,1.0,0.0,0,132,1,2026-04-17,5.3,Low
F0596,6,1,7.0,4.8,62.4,1,674,4,2026-01-23,1.5,Medium
F0597,8,3,5.5,6.2,52.3,0,734,9,2026-04-01,4.5,High
F0598,9,2,6.8,3.6,41.5,0,377,5,2026-04-12,3.0,Medium
F0599,6,4,6.7,3.2,60.4,1,638,5,2026-09-06,3.5,Medium
F0600,4,2,8.5,4.3,50.9,1,339,3,2026-07-03,9.5,Low
F0601,4,5,6.2,5.1,35.9,1,355,2,2026-04-23,4.7,Medium
F0602,1,4,8.0,4.3,50.8,0,669,6,2026-04-28,6.0,Medium
F0603,7,0,7.8,2.0,50.5,1,421,3,2026-05-07,2.5,Low
F0604,6,3,3.3,6.9,76.3,0,889,10,2026-08-02,17.1,High
F0605,7,3,9.5,1.4,1.8,1,423,1,2026-09-11,12.4,Low
F0606,6,4,5.6,5.2,50.8,1,541,5,2026-02-16,2.6,Medium
F0607,8,0,5.9,4.4,31.3,1,502,3,2026-07-27,28.1,Medium
F0608,4,4,6.6,3.0,27.0,1,278,2,2026-01-17,8.8,Low
F0610,3,1,5.2,5.5,58.6,1,367,5,2026-02-04,3.4,Medium
F0611,7,0,6.6,3.7,33.7,1,665,4,2026-04-18,10.0,Medium
F0612,3,5,2.6,7.8,87.4,1,416,8,2026-09-06,3.2,High
F0613,7,4,7.4,2.3,9.8,0,348,4,2026-02-03,4.5,Medium
F0614,8,4,8.5,3.6,32.8,1,515,2,2026-02-27,1.4,Low
F0615,5,1,7.2,4.5,40.1,1,416,5,2026-08-04,8.6,Medium
F0616,2,5,5.5,4.8,43.3,1,540,4,2026-06-21,22.1,Medium
F0617,4,2,4.9,7.7,49.2,1,691,5,2026-03-09,13.8,High
F0618,5,2,6.9,4.3,30.2,1,329,6,2026-05-26,1.2,Medium
F0619,7,3,5.6,4.9,42.9,1,399,7,2026-03-24,9.2,Medium
F0620,9,0,4.5,7.6,64.6,1,420,7,2026-01-18,6.2,High
F0621,9,2,7.6,4.5,50.7,1,388,6,2026-08-23,0.5,Medium
F0622,0,1,5.0,8.1,57.6,0,261,11,2026-05-29,4.8,High
F0623,4,3,7.9,4.4,43.5,1,298,4,2026-03-01,9.9,Medium
F0624,4,2,5.8,3.2,65.4,1,491,5,2026-04-24,7.7,Medium
F0625,9,4,8.7,2.5,4.0,1,540,2,2026-01-29,5.4,Low
F0626,3,3,8.0,4.5,52.0,1,304,4,2026-08-17,3.2,Low
F0627,8,5,7.2,6.5,36.4,1,202,3,2026-08-01,1.3,Medium
F0628,1,3,2.4,8.0,75.9,1,697,8,2026-07-12,3.1,High
F0629,4,5,2.9,9.7,60.6,1,573,8,2026-07-15,10.6,High
F0630,6,3,7.3,1.3,37.8,1,209,2,2026-04-25,10.1,Low
F0631,6,3,7.3,4.6,23.7,1,188,3,2026-05-06,8.2,Low
F0632,4,1,7.6,3.5,17.4,0,260,5,2026-08-12,4.9,Medium
F0633,9,4,4.4,3.4,68.0,1,236,5,2026-03-16,0.5,Medium
F0634,6,0,8.9,2.6,16.7,1,397,3,2026-07-02,18.2,Low
F0635,9,1,5.7,7.1,58.8,1,497,5,2026-06-15,10.9,High
F0636,6,2,5.7,5.6,40.1,1,253,6,2026-03-15,3.2,Medium
F0637,3,5,4.6,6.3,47.9,0,449,9,2026-04-07,0.8,High
F0638,5,3,7.5,2.3,2.4,1,350,0,2026-08-02,12.2,Low
F0639,8,1,7.1,4.4,51.0,1,452,0,2026-06-25,1.1,Low
F0640,8,2,8.4,1.9,48.2,1,663,5,2026-06-07,8.7,Low
F0641,6,1,6.9,4.5,31.0,1,71,3,2026-02-25,11.2,Low
F0642,1,5,5.8,4.7,49.4,1,428,5,2026-02-19,8.3,Medium
F0643,9,2,7.5,6.2,39.7,1,617,7,2026-06-28,14.0,Medium
F0644,3,2,4.7,7.7,40.4,1,347,6,2026-01-08,12.8,High
F0645,9,1,5.4,2.3,64.5,1,754,8,2026-09-01,9.7,Medium
F0646,3,2,4.4,5.4,54.4,0,516,10,2026-04-20,3.6,High
F0647,1,0,3.7,8.5,62.5,1,656,6,2026-01-21,5.1,High
F0648,3,4,7.6,2.1,34.1,1,400,0,2026-04-26,13.8,Low
F0649,1,4,5.5,8.0,54.5,1,507,5,2026-09-09,4.8,High
F0650,8,3,5.3,3.9,62.1,1,568,6,2026-02-22,6.7,Medium
F0651,2,0,5.6,6.1,59.9,1,833,4,2026-05-20,2.0,Medium
F0652,1,0,7.4,1.9,38.3,1,252,3,2026-02-25,11.0,Low
F0653,2,5,5.0,6.1,60.2,1,410,5,2026-04-02,13.3,High
F0654,5,2,6.4,4.3,37.1,1,502,4,2026-09-10,10.4,Medium
F0655,1,4,5.8,6.7,32.3,1,421,7,2026-08-09,5.8,Medium
F0656,8,4,6.8,1.8,49.3,1,563,4,2026-06-05,8.1,Medium
F0657,5,5,4.9,6.6,39.7,1,669,4,2026-08-29,5.1,Medium
F0658,4,0,5.6,6.3,38.4,1,20,4,2026-06-30,7.2,Medium
F0659,1,4,8.8,2.9,32.1,1,581,3,2026-07-14,6.6,Low
F0660,1,0,3.8,6.5,78.7,1,342,6,2026-02-13,7.8,High
F0661,5,5,7.3,4.2,32.5,1,415,2,2026-01-11,4.1,Low
F0662,9,4,6.2,5.9,47.9,1,386,5,2026-04-16,5.0,Medium
F0663,3,2,3.2,7.8,62.9,1,687,5,2026-02-08,4.3,High
F0664,0,3,6.5,4.4,47.7,0,301,8,2026-02-17,10.2,High
F0665,4,4,5.1,5.3,40.3,1,320,7,2026-09-16,3.2,Medium
F0666,6,1,8.0,2.4,19.6,1,427,4,2026-04-03,8.4,Low
F0667,0,1,5.3,3.2,45.7,0,359,4,2026-08-11,10.2,High
F0668,2,4,7.3,2.6,24.1,1,505,4,2026-06-03,8.7,Low
F0669,2,2,4.9,8.3,66.6,1,488,6,2026-05-01,13.0,High
F0670,2,1,5.2,6.4,61.2,1,544,4,2026-08-12,6.2,Medium
F0671,5,3,7.5,3.0,34.0,1,482,1,2026-01-22,2.4,Low
F0672,1,4,5.5,8.1,62.7,1,406,6,2026-07-06,23.3,High
F0673,5,3,9.3,1.0,22.6,1,512,0,2026-05-09,20.3,Low
F0674,2,2,5.9,5.1,56.0,1,290,6,2026-05-01,3.7,Medium
F0675,9,5,7.1,4.5,52.9,1,385,2,2026-02-27,6.7,Medium
F0676,4,3,6.5,2.8,53.3,0,805,5,2026-07-08,3.4,Medium
F0677,3,4,3.9,4.9,89.3,1,508,9,2026-05-10,0.5,High
F0678,2,3,5.0,4.8,89.9,1,472,5,2026-08-15,15.1,High
F0679,5,1,8.0,2.3,40.7,1,406,3,2026-03-24,13.0,Low
F0680,5,1,7.7,2.3,56.1,1,473,2,2026-09-09,0.6,Low
F0681,2,5,3.3,9.0,66.5,1,20,6,2026-06-30,13.0,High
F0682,5,1,4.3,6.5,45.8,1,304,3,2026-04-05,7.7,Medium
F0683,0,1,7.7,4.3,24.3,1,292,0,2026-03-08,1.3,Low
F0684,4,2,5.9,2.5,66.6,1,512,4,2026-06-17,1.4,Medium
F0685,1,4,8.0,3.6,19.3,1,562,3,2026-04-28,6.3,Low
F0686,9,2,6.5,5.1,64.1,1,240,5,2026-02-15,2.3,Medium
F0687,7,0,7.3,3.5,33.4,0,199,5,2026-04-15,4.5,Medium
F0688,7,4,5.6,5.0,67.5,1,614,4,2026-05-25,36.0,High
F0689,1,3,7.8,5.3,69.4,1,538,4,2026-08-23,4.5,Medium
F0690,0,0,8.9,1.0,27.4,0,308,5,2026-08-05,3.6,Low
F0691,6,0,8.6,3.1,55.3,1,593,1,2026-01-24,3.3,Low
F0692,0,2,4.6,5.1,60.2,0,374,8,2026-01-22,16.7,High
F0693,9,3,6.3,6.2,71.3,1,238,4,2026-03-01,2.9,Medium
F0694,0,0,6.2,6.3,44.0,0,389,9,2026-05-15,4.2,High
F0695,6,2,4.4,6.5,74.0,1,739,4,2026-08-14,22.5,High
F0696,6,4,4.9,6.7,66.0,1,407,8,2026-09-11,4.3,High
F0697,8,2,4.5,8.1,45.3,1,453,6,2026-05-26,15.1,High
F0698,3,5,7.0,4.0,13.0,1,351,2,2026-01-03,36.0,Medium
F0699,2,0,8.2,5.5,28.6,1,688,2,2026-03-04,3.0,Low
F0700,5,1,10.0,1.0,0.0,1,481,1,2026-09-03,13.3,Low
F0701,7,3,8.9,1.6,58.9,1,451,1,2026-03-08,22.6,Low
F0702,2,0,9.1,2.2,9.3,1,419,0,2026-02-17,6.9,Low
F0703,1,0,8.6,5.4,28.6,1,358,3,2026-03-20,1.3,Low
F0704,9,5,4.9,4.7,58.8,1,306,7,2026-02-19,1.1,Medium
F0705,2,1,7.0,5.3,30.6,1,542,3,2026-04-06,0.7,Low
F0706,5,5,7.3,3.4,38.1,1,277,3,2026-03-21,8.7,Low
F0707,7,5,4.8,5.0,55.0,0,658,9,2026-06-03,4.9,High
F0708,1,4,7.2,2.3,45.2,1,659,3,2026-07-31,5.4,Low
F0709,8,4,5.1,4.5,55.9,1,598,7,2026-04-02,5.3,Medium
F0710,0,0,8.2,4.1,32.3,1,291,5,2026-08-19,10.6,Low
F0711,3,3,4.1,9.3,68.6,1,289,7,2026-08-11,30.2,High
F0712,4,5,9.2,2.4,19.5,1,95,1,2026-09-07,15.2,Low
F0713,1,3,7.4,1.9,22.3,1,20,3,2026-04-08,12.2,Low
F0714,1,0,6.9,3.8,31.4,1,307,3,2026-04-08,2.1,Low
F0715,5,5,6.5,3.8,37.4,0,481,5,2026-01-11,10.1,Medium
F0716,2,4,7.1,4.0,49.8,1,275,4,2026-08-10,0.8,Low
F0717,7,1,6.2,3.1,35.3,1,368,2,2026-09-07,5.0,Low
F0718,1,4,5.0,6.2,58.0,1,265,5,2026-08-31,7.8,Medium
F0719,0,1,4.4,5.3,48.2,1,505,4,2026-04-23,9.7,Medium
F0720,2,1,6.8,3.3,56.9,1,365,3,2026-07-19,2.6,Medium
F0721,8,2,5.4,4.6,16.7,1,531,4,2026-09-05,1.7,Medium
F0722,3,3,5.6,6.0,69.7,1,20,7,2026-04-18,2.7,Medium
F0723,2,3,8.2,2.8,26.8,1,759,0,2026-06-22,14.7,Low
F0724,3,0,6.3,4.2,40.5,1,420,5,2026-01-24,3.3,Medium
F0725,1,5,9.4,1.0,30.8,1,216,4,2026-02-26,0.5,Low
F0726,7,0,5.3,3.7,36.7,1,188,3,2026-03-02,1.4,Medium
F0727,1,2,7.3,4.6,20.8,1,523,2,2026-03-12,0.8,Low
F0728,8,3,5.0,4.7,62.4,1,441,8,2026-09-16,3.1,High
F0729,2,4,6.1,6.9,30.1,1,587,2,2026-03-12,10.5,Medium
F0730,8,3,5.8,7.6,35.1,0,98,7,2026-08-15,21.6,High
F0731,8,5,5.9,3.6,60.4,1,514,3,2026-01-19,11.1,Medium
F0732,3,0,7.2,5.5,44.2,1,287,2,2026-07-25,2.6,Low
F0733,3,5,6.1,3.8,32.5,0,772,8,2026-04-16,7.1,High
F0734,4,3,7.9,3.6,11.1,1,722,1,2026-04-12,3.9,Low
F0735,3,0,8.1,3.2,25.5,1,73,2,2026-06-09,36.0,Medium
F0736,2,5,7.2,3.8,28.9,1,515,1,2026-06-05,2.1,Low
F0737,0,1,6.9,4.4,26.2,1,651,3,2026-06-02,0.5,Low
F0738,9,0,5.6,6.6,52.0,1,422,3,2026-04-30,9.4,Medium
F0739,9,4,5.7,7.5,46.1,1,109,5,2026-04-09,5.5,Medium
F0740,7,4,8.1,4.6,41.9,1,498,4,2026-09-01,16.5,Medium
F0741,5,1,8.9,3.0,7.2,1,591,0,2026-08-14,15.4,Low
F0742,7,4,5.0,8.4,52.6,1,671,8,2026-03-02,1.0,High
F0743,6,5,3.3,8.1,84.9,0,357,10,2026-05-29,6.9,High
F0744,0,4,6.9,4.8,51.0,0,346,9,2026-03-14,11.7,High
F0745,2,4,10.0,1.8,19.5,1,331,2,2026-01-23,5.0,Low
F0746,8,5,7.6,1.9,25.6,0,478,4,2026-03-09,9.5,Medium
F0747,7,4,4.3,5.0,59.3,1,321,4,2026-07-18,0.7,Medium
F0748,6,5,4.5,6.3,65.1,1,263,6,2026-03-26,0.7,Medium
F0749,0,5,4.2,5.2,56.9,1,725,8,2026-01-28,0.7,High
F0750,4,2,5.7,5.8,65.5,0,805,11,2026-01-10,1.5,High
F0751,9,4,6.5,6.5,55.0,1,275,4,2026-01-12,7.0,Medium
F0752,4,2,6.7,4.4,44.5,1,359,4,2026-03-28,29.3,Medium
F0753,4,4,7.7,5.3,52.2,1,877,5,2026-01-30,0.5,Medium
F0754,7,2,6.1,5.5,51.6,0,403,11,2026-01-27,17.2,High
F0755,1,4,6.4,2.9,21.0,1,446,5,2026-07-28,0.9,Low
F0756,7,5,7.2,5.6,40.8,0,707,7,2026-02-21,6.6,High
F0757,7,5,5.8,4.7,36.0,1,330,4,2026-03-28,5.2,Medium
F0758,8,3,5.4,8.8,42.9,1,818,7,2026-05-29,24.4,High
F0759,6,2,10.0,2.1,10.4,1,595,2,2026-05-25,36.0,Low
F0760,2,2,5.3,5.6,36.3,1,340,5,2026-05-24,1.1,Medium
F0761,9,0,2.7,6.2,68.9,1,732,8,2026-05-06,2.3,High
F0762,6,3,4.3,7.5,97.6,1,531,7,2026-09-01,19.2,High
F0763,3,3,5.5,4.3,69.8,1,220,5,2026-02-09,5.8,Medium
F0764,2,2,3.7,9.2,52.6,1,850,10,2026-07-03,3.5,High
F0765,9,2,8.2,1.0,35.4,1,418,5,2026-05-24,1.6,Low
F0766,6,0,6.6,5.9,52.9,1,397,3,2026-07-05,5.1,Medium
F0767,5,2,3.4,7.7,70.1,0,413,11,2026-09-14,7.6,High
F0768,1,2,7.4,1.8,28.8,1,312,1,2026-03-07,0.5,Low
F0769,3,4,6.3,6.4,47.7,1,695,3,2026-05-10,1.6,Medium
F0770,4,3,1.1,10.0,92.3,1,176,7,2026-07-28,2.9,High
F0771,9,3,5.5,4.2,37.3,0,713,8,2026-08-18,1.9,High
F0772,1,2,8.4,1.7,34.3,0,667,1,2026-08-05,1.9,Low
F0773,4,2,7.0,5.1,57.1,1,548,7,2026-06-21,4.2,Medium
F0774,0,5,6.9,4.8,46.4,1,616,5,2026-02-07,11.9,Medium
F0775,8,3,5.6,5.6,44.8,0,467,6,2026-02-03,18.6,High
F0776,4,4,9.2,3.0,11.8,1,373,1,2026-01-27,8.5,Low
F0777,0,5,4.3,7.7,39.6,1,663,5,2026-08-08,7.3,High
F0779,8,2,5.8,4.9,52.1,1,290,4,2026-08-16,7.6,Medium
F0780,4,5,8.4,2.9,29.6,1,202,1,2026-07-03,7.9,Low
F0781,6,2,8.9,1.0,29.1,1,581,4,2026-03-16,3.5,Low
F0782,1,0,6.5,2.0,42.3,1,301,4,2026-04-14,1.7,Low
F0783,2,0,7.2,5.2,31.6,1,199,2,2026-06-03,14.3,Medium
F0784,7,4,5.7,6.0,63.8,1,579,6,2026-04-25,0.5,Medium
F0785,9,3,5.4,4.9,50.1,1,20,5,2026-01-04,10.1,Medium
F0786,6,3,7.6,3.7,35.1,1,393,4,2026-07-04,6.6,Low
F0787,4,3,6.9,5.1,42.0,1,598,4,2026-04-01,14.1,Medium
F0788,5,2,7.7,5.2,35.5,1,454,3,2026-06-06,20.6,Medium
F0789,8,2,5.1,6.8,64.2,1,666,4,2026-03-02,7.3,High
F0790,6,5,7.6,3.6,24.8,1,220,4,2026-05-06,28.3,Medium
F0791,7,1,3.2,6.5,71.0,1,549,7,2026-09-08,7.4,High
F0792,5,5,7.4,4.9,43.1,1,670,5,2026-07-11,10.4,Medium
F0793,7,2,4.8,6.5,43.7,1,671,6,2026-01-19,5.1,High
F0794,9,0,8.3,3.8,17.9,1,475,4,2026-03-22,3.6,Low
F0795,5,4,5.4,5.4,66.5,1,550,4,2026-08-07,6.6,Medium
F0796,1,0,7.0,2.9,44.5,1,422,4,2026-05-16,4.4,Low
F0797,6,5,7.7,2.7,15.1,1,426,2,2026-07-04,2.4,Low
F0798,7,1,7.3,4.0,45.1,1,298,6,2026-05-21,8.6,Medium
F0799,2,4,5.6,5.0,65.2,1,154,5,2026-06-27,2.3,Medium
F0800,7,2,4.9,7.1,36.7,1,54,1,2026-07-23,22.7,Medium
F0801,9,2,6.2,3.9,48.1,1,721,5,2026-02-13,4.7,Medium
F0802,0,2,4.8,3.4,73.3,1,30,6,2026-03-13,0.5,Medium
F0803,9,5,5.3,7.7,33.8,1,430,3,2026-06-03,1.9,Medium
F0804,2,2,7.8,5.5,35.4,0,739,10,2026-07-20,3.0,High
F0805,1,1,7.1,3.8,26.1,1,593,3,2026-03-29,24.5,Medium
F0806,4,2,5.2,5.5,54.0,1,288,5,2026-07-17,0.5,Medium
F0807,1,2,6.7,6.2,46.1,1,462,5,2026-03-22,1.4,Medium
F0808,4,4,4.9,4.7,54.3,1,853,5,2026-04-16,1.0,Medium
F0809,6,2,7.6,1.7,43.5,1,671,3,2026-04-14,1.7,Low
F0810,5,4,4.3,4.4,72.0,1,433,7,2026-09-09,6.3,High
F0811,2,2,3.6,6.4,62.8,1,871,7,2026-03-31,9.0,High
F0812,2,1,4.8,7.0,76.3,1,188,7,2026-02-18,9.0,High
F0813,5,4,7.7,3.0,40.4,1,302,5,2026-04-22,2.6,Low
F0814,2,4,4.9,7.7,57.1,0,521,9,2026-06-16,10.9,High
F0815,7,4,7.1,4.7,41.2,1,444,2,2026-07-24,8.4,Medium
F0816,1,3,6.8,5.2,43.3,1,644,6,2026-08-25,4.7,Medium
F0817,8,0,5.0,5.7,64.3,1,392,6,2026-02-21,13.8,High
F0818,9,2,6.7,5.8,57.9,1,414,4,2026-08-14,2.4,Medium
F0819,2,1,6.5,4.8,39.1,1,293,5,2026-02-22,13.6,Medium
F0820,7,2,3.9,6.9,71.2,1,482,4,2026-07-11,19.8,High
F0821,8,3,8.1,3.6,41.8,1,416,3,2026-03-27,8.3,Low
F0822,2,3,10.0,1.0,15.4,1,298,0,2026-07-22,1.7,Low
F0823,0,0,6.5,5.1,42.4,1,464,4,2026-05-23,0.5,Medium
F0824,4,3,7.7,5.9,40.6,1,458,2,2026-03-29,34.9,Medium
F0825,5,3,2.1,6.7,76.1,0,117,9,2026-06-12,8.9,High
F0826,7,3,8.7,1.4,40.2,1,197,3,2026-01-07,2.0,Low
F0827,7,2,3.4,5.8,63.1,1,765,8,2026-06-01,7.3,High
F0828,8,0,7.1,2.6,52.2,1,328,0,2026-06-18,4.4,Low
F0829,9,2,5.0,8.1,81.0,1,525,7,2026-06-19,12.6,High
F0830,0,4,5.0,6.1,61.5,0,824,9,2026-04-24,8.9,High
F0831,8,3,5.2,5.7,51.7,1,371,10,2026-04-15,23.0,High
F0832,4,2,8.3,3.5,43.0,1,504,5,2026-08-28,4.2,Low
F0833,1,0,6.1,3.9,51.8,1,579,4,2026-09-04,4.5,Medium
F0834,6,4,5.3,5.1,59.4,1,71,5,2026-09-04,10.7,Medium
F0835,5,0,5.7,5.5,60.5,1,326,6,2026-06-06,6.0,Medium
F0836,6,3,8.1,1.6,42.6,1,591,4,2026-04-08,1.3,Low
F0837,0,3,8.4,1.0,16.4,1,589,2,2026-06-07,3.8,Low
F0838,4,1,4.5,6.2,63.6,0,217,10,2026-08-12,1.6,High
F0839,6,0,4.7,8.0,50.8,1,271,5,2026-09-02,3.7,High
F0840,4,2,7.1,2.6,22.7,1,325,2,2026-03-17,4.6,Low
F0841,3,2,2.7,6.4,78.9,1,400,9,2026-02-11,7.8,High
F0842,0,0,5.4,6.2,47.5,1,337,3,2026-07-15,5.7,Medium
F0843,7,1,6.1,2.7,72.2,1,226,5,2026-05-18,6.4,Medium
F0844,3,4,3.1,7.0,81.3,0,435,10,2026-08-02,0.5,High
F0845,0,2,4.7,4.6,66.2,1,617,7,2026-08-19,1.7,High
F0846,5,1,10.0,1.2,16.5,1,439,0,2026-07-29,17.4,Low
F0847,5,4,7.2,3.5,33.5,1,362,3,2026-05-01,1.0,Low
F0848,1,2,6.6,4.1,36.9,1,430,4,2026-01-22,6.6,Medium
F0849,9,0,6.2,4.8,13.3,1,39,2,2026-08-08,20.2,Medium
F0850,9,0,6.7,3.8,30.0,1,443,5,2026-01-30,3.8,Medium
F0851,7,0,6.5,4.4,53.3,1,267,5,2026-05-24,19.4,Medium
F0852,6,1,6.6,2.5,48.9,1,108,3,2026-06-14,0.5,Low
F0853,9,4,6.0,5.3,52.4,1,247,3,2026-02-11,7.0,Medium
F0854,4,5,7.9,6.0,18.4,1,244,1,2026-07-17,0.8,Low
F0855,3,4,6.8,4.9,22.7,1,393,5,2026-06-04,5.3,Medium
F0856,1,4,8.8,2.9,36.0,1,344,1,2026-02-15,1.8,Low
F0857,8,5,6.9,4.1,51.1,1,345,3,2026-03-05,2.5,Medium
F0858,9,4,3.6,6.4,57.5,1,352,7,2026-02-03,6.4,High
F0859,1,0,9.0,1.0,17.8,1,113,0,2026-05-13,25.4,Low
F0860,8,0,6.9,4.6,43.1,1,765,3,2026-07-08,0.9,Medium
F0861,8,5,8.8,1.7,27.8,1,430,3,2026-07-06,14.1,Low
F0862,7,4,6.2,3.9,30.2,1,859,5,2026-06-01,2.8,Medium
F0863,1,0,5.9,4.4,44.1,1,786,6,2026-09-15,13.2,Medium
F0864,6,0,6.8,6.2,40.4,1,552,3,2026-07-12,9.1,Medium
F0865,2,0,8.1,4.6,48.0,1,20,5,2026-09-07,10.0,Medium
F0866,9,4,4.9,8.0,55.9,1,706,6,2026-08-31,3.1,High
F0867,4,4,4.6,7.4,56.1,1,762,6,2026-01-28,14.5,High
F0868,6,0,7.0,3.0,23.8,1,20,3,2026-04-11,1.8,Low
F0869,1,0,6.0,3.3,29.8,1,20,1,2026-01-29,22.5,Medium
F0870,2,2,8.0,3.8,28.6,1,746,3,2026-03-18,6.7,Low
F0871,5,1,7.8,3.4,10.5,0,453,4,2026-02-15,7.9,Medium
F0872,6,5,8.5,1.1,38.9,1,539,2,2026-04-26,1.0,Low
F0873,4,5,4.2,6.0,60.8,1,789,4,2026-08-11,1.5,High
F0874,2,5,6.7,5.1,50.5,1,607,3,2026-01-11,3.9,Medium
F0875,1,2,7.8,1.1,26.8,1,414,3,2026-04-17,5.8,Low
F0876,8,3,3.9,8.4,50.4,1,249,7,2026-04-16,0.5,High
F0877,7,0,3.0,7.0,100.0,1,564,6,2026-01-01,3.4,High
F0878,9,5,5.9,8.1,58.6,0,356,10,2026-09-09,1.1,High
F0879,4,2,10.0,1.0,0.0,1,267,1,2026-03-14,8.1,Low
F0880,3,0,6.5,6.2,38.5,1,356,5,2026-02-08,7.3,Medium
F0881,1,1,6.2,6.7,54.2,0,637,9,2026-04-15,8.5,High
F0882,2,2,6.0,4.5,2.4,1,504,5,2026-03-25,8.0,Medium
F0883,1,0,5.0,8.1,30.8,1,821,4,2026-07-28,2.4,Medium
F0884,1,4,5.8,4.4,39.5,1,365,7,2026-01-06,1.9,Medium
F0885,1,5,7.7,3.2,56.0,1,315,5,2026-09-08,5.6,Medium
F0886,2,2,4.6,5.4,75.4,1,416,7,2026-06-12,0.5,High
F0887,3,1,4.6,8.2,77.5,1,375,6,2026-01-05,14.2,High
F0888,7,1,6.5,4.9,49.5,1,423,4,2026-07-09,9.7,Medium
F0889,4,1,4.1,5.6,81.8,1,1018,7,2026-04-28,5.2,High
F0890,1,2,8.4,4.6,0.0,1,393,3,2026-05-03,0.6,Low
F0891,5,4,5.7,5.1,43.5,1,923,8,2026-03-11,0.5,Medium
F0892,2,1,5.5,1.0,47.9,0,357,5,2026-01-04,7.2,Medium
F0893,0,4,4.7,6.0,80.3,0,418,11,2026-01-22,36.0,High
F0894,3,0,5.4,7.5,48.8,0,274,8,2026-03-10,0.6,High
F0895,4,0,8.3,2.3,17.5,1,576,2,2026-03-02,18.4,Low
F0896,5,5,8.8,1.2,24.0,1,280,0,2026-01-19,19.2,Low
F0897,9,3,6.8,3.8,56.3,1,439,3,2026-07-25,0.9,Medium
F0898,6,2,8.9,3.3,31.6,1,303,2,2026-09-07,1.0,Low
F0899,5,2,6.6,3.4,29.3,1,469,2,2026-08-13,16.7,Medium
F0900,6,2,6.1,6.3,65.0,1,687,4,2026-05-26,0.9,Medium
F0901,5,5,3.9,8.4,73.6,1,354,6,2026-08-04,4.9,High
F0902,8,3,5.1,3.9,56.7,1,432,2,2026-07-19,3.8,Medium
F0903,0,1,9.7,1.0,23.7,1,573,4,2026-08-08,8.7,Low
F0904,7,0,7.5,5.0,35.3,1,632,5,2026-04-06,7.2,Medium
F0905,0,2,6.8,1.6,51.3,1,424,3,2026-09-15,1.7,Low
F0907,2,4,4.0,7.8,69.8,1,468,6,2026-06-22,2.7,High
F0908,7,0,5.4,6.9,59.0,1,591,7,2026-08-03,21.5,High
F0909,8,0,7.4,3.1,56.0,1,431,3,2026-08-09,2.5,Low
F0910,9,0,8.9,3.3,17.7,1,459,2,2026-03-08,6.0,Low
F0911,8,1,6.3,3.5,48.4,1,164,4,2026-02-24,7.9,Medium
F0912,1,3,8.2,2.8,21.1,1,703,2,2026-08-17,1.6,Low
F0913,3,1,8.9,1.5,16.9,1,666,2,2026-08-03,5.7,Low
F0914,1,4,7.2,3.8,65.9,1,928,3,2026-08-18,16.9,Medium
F0915,0,3,8.2,3.4,43.3,1,321,2,2026-01-24,6.9,Low
F0916,8,4,5.5,6.1,31.8,1,162,6,2026-02-08,15.3,Medium
F0917,3,4,6.4,3.3,47.0,1,211,4,2026-01-05,1.5,Low
F0918,8,2,7.5,1.4,34.0,1,540,2,2026-03-02,2.3,Low
F0919,7,5,7.7,3.6,40.4,0,460,6,2026-05-08,19.7,High
F0920,8,4,9.7,2.7,28.2,1,621,2,2026-05-16,22.0,Low
F0921,6,5,7.7,2.7,52.2,1,401,3,2026-05-12,3.3,Low
F0922,0,5,4.9,4.7,34.4,0,124,6,2026-05-12,8.7,High
F0923,9,2,7.0,5.4,34.7,1,562,3,2026-08-11,14.7,Medium
F0924,8,1,7.7,3.8,29.1,1,603,6,2026-09-09,1.6,Low
F0925,2,3,6.1,6.0,66.5,1,162,6,2026-08-21,1.6,Medium
F0926,6,1,8.0,2.9,22.5,1,530,3,2026-02-26,3.6,Low
F0927,3,1,7.3,3.4,37.7,0,257,6,2026-02-24,6.9,Medium
F0928,4,0,6.1,6.0,22.2,1,668,6,2026-03-25,16.7,Medium
F0929,3,4,5.0,6.1,46.4,1,383,7,2026-02-22,0.5,Medium
F0930,2,1,7.1,5.7,62.1,1,318,5,2026-04-26,8.0,Medium
F0931,1,0,9.0,1.0,27.5,1,517,3,2026-06-20,0.8,Low
F0932,2,2,5.9,7.7,34.3,0,320,7,2026-04-03,5.7,High
F0933,1,3,8.7,1.1,15.5,1,302,0,2026-05-16,2.4,Low
F0934,1,3,6.4,6.9,14.9,1,505,5,2026-09-02,4.4,Medium
F0935,5,1,2.2,7.3,81.1,0,524,10,2026-08-06,1.5,High
F0936,2,5,7.5,5.2,31.3,1,771,7,2026-07-16,19.1,Medium
F0937,1,2,4.1,6.9,39.7,1,347,4,2026-04-23,6.5,Medium
F0938,6,0,7.6,2.8,40.8,1,268,4,2026-02-26,1.1,Low
F0939,7,2,4.0,8.9,67.4,1,311,3,2026-08-04,13.5,High
F0940,2,0,5.0,6.2,52.8,1,763,5,2026-01-14,3.6,Medium
F0941,1,3,7.2,4.0,23.3,1,307,3,2026-05-06,1.3,Low
F0942,5,4,7.2,1.6,26.4,1,579,5,2026-06-03,10.3,Low
F0943,3,2,6.0,3.6,46.6,1,401,3,2026-03-30,0.5,Medium
F0944,4,1,4.4,9.1,64.2,1,628,6,2026-09-14,13.3,High
F0945,7,4,7.0,7.0,38.2,1,525,4,2026-01-29,22.6,Medium
F0946,2,4,4.5,7.4,82.7,1,650,5,2026-06-10,4.7,High
F0947,7,0,8.1,4.9,23.5,1,314,0,2026-01-15,0.6,Low
F0948,6,2,4.2,7.1,69.9,1,911,7,2026-04-14,1.6,High
F0949,9,0,5.8,8.7,33.2,1,317,4,2026-01-05,0.5,Medium
F0950,9,4,10.0,2.5,7.8,1,270,2,2026-02-19,1.0,Low
F0951,4,2,8.2,1.9,4.0,1,424,0,2026-01-20,11.9,Low
F0952,8,5,7.0,4.8,51.7,0,721,9,2026-03-14,16.2,High
F0953,6,1,3.3,7.5,53.5,1,20,5,2026-08-09,11.5,High
F0954,1,3,7.9,3.3,17.2,1,363,2,2026-09-12,1.2,Low
F0955,8,3,8.8,4.3,0.0,1,260,3,2026-06-01,0.7,Low
F0956,4,4,7.3,3.5,49.4,1,592,6,2026-08-31,2.2,Medium
F0957,5,0,5.8,4.6,62.7,1,630,3,2026-03-08,14.7,Medium
F0958,0,1,8.6,1.0,23.1,1,626,3,2026-01-22,4.5,Low
F0959,7,4,9.5,2.3,10.9,1,161,0,2026-02-07,0.8,Low
F0960,1,2,8.1,4.3,14.3,1,163,2,2026-02-25,12.8,Low
F0961,7,1,5.9,2.2,70.1,1,253,2,2026-09-06,3.0,Medium
F0962,9,5,10.0,1.0,5.1,1,20,0,2026-04-20,1.2,Low
F0963,2,0,8.9,2.4,0.0,1,782,1,2026-01-12,4.2,Low
F0964,2,5,6.5,4.5,52.2,1,416,5,2026-08-20,15.5,Medium
F0965,9,4,7.3,6.4,38.2,0,496,8,2026-04-12,4.2,High
F0966,6,5,6.0,3.4,50.0,1,660,4,2026-07-19,18.3,Medium
F0967,6,2,6.9,2.4,58.3,1,583,7,2026-06-12,2.9,Medium
F0968,3,1,6.0,7.4,28.2,1,272,7,2026-05-15,8.4,Medium
F0969,2,1,8.5,2.5,29.1,1,330,3,2026-04-07,26.2,Low
F0970,9,0,7.2,3.0,34.8,1,116,6,2026-01-08,26.7,Medium
F0971,3,4,10.0,1.3,0.0,1,424,0,2026-06-30,7.9,Low
F0972,3,4,6.9,1.9,36.4,1,534,5,2026-03-25,1.5,Low
F0973,1,3,3.7,9.0,63.0,1,211,9,2026-02-14,7.3,High
F0974,5,5,4.7,5.2,44.1,1,62,5,2026-02-21,19.7,Medium
F0975,1,0,6.0,4.8,44.4,1,652,4,2026-08-29,4.5,Medium
F0976,9,2,7.3,6.5,30.0,1,576,2,2026-01-04,10.1,Medium
F0977,6,3,4.9,6.1,51.4,0,271,8,2026-08-01,18.0,High
F0978,0,4,6.2,7.1,50.3,1,70,4,2026-03-29,2.9,Medium
F0979,8,4,6.7,7.8,48.8,1,726,5,2026-07-19,12.1,High
F0980,4,5,5.9,6.4,39.3,1,750,7,2026-07-20,5.3,Medium
F0981,0,4,7.3,4.7,39.0,1,457,5,2026-02-10,11.0,Medium
F0982,4,2,8.6,4.5,28.2,0,176,3,2026-04-24,1.5,Medium
F0983,0,3,5.0,5.8,61.6,1,50,4,2026-01-12,8.1,Medium
F0984,5,0,10.0,3.3,32.6,1,537,3,2026-02-09,1.5,Low
F0985,2,0,7.5,3.0,54.6,1,661,3,2026-08-03,5.0,Medium
F0986,1,0,5.5,4.5,41.1,1,286,7,2026-01-17,8.1,Medium
F0987,3,3,8.6,2.3,11.3,1,248,2,2026-01-16,10.2,Low
F0988,7,3,5.8,3.0,47.1,1,118,6,2026-03-12,0.5,Medium
F0989,2,5,5.8,2.1,48.0,0,680,6,2026-09-11,3.2,Medium
F0990,1,5,5.9,7.9,38.4,1,566,8,2026-07-21,9.5,High
F0991,9,5,7.1,2.2,42.9,1,558,1,2026-05-20,4.3,Low
F0992,8,3,7.2,4.8,45.8,1,146,6,2026-08-19,12.8,Medium
F0993,8,0,7.8,2.9,15.7,1,590,1,2026-02-28,22.5,Low
F0994,1,3,6.0,4.2,51.9,1,476,6,2026-06-10,1.2,Medium
F0995,3,2,6.3,4.9,37.8,1,646,3,2026-04-19,17.2,Medium
F0021,1,2,2.6,9.0,100.0,1,612,8,2026-01-08,0.8,High
F0086,7,5,2.8,7.0,73.7,1,196,6,2026-04-07,2.9,High
F0251,3,2,5.3,8.0,74.7,1,713,9,2026-05-05,8.5,High
F0445,9,2,7.0,5.7,30.2,1,699,4,2026-06-25,6.0,Medium
F0701,7,3,8.9,1.6,58.9,1,451,1,2026-03-08,22.6,Low
